wallet,balance,received
bc1qt24rgc8gk3xmx6fzzdwxc2c92cmp7xa8lju4za,0,0
bc1qp04ykljcchpuufsmly6dutvjd8qtg3f563xxdw,0,0
12V63PHiX8FvEgyewX5W1D2QrdJJSawqQM,0,0
1HFqLt3fbuewZe5ncJautgncS6hN1ZzX5r,0,0
37JcnKmYGBT7H5fyWuthHnrJsQjcHrewDB,0,0
3Cxt179UhfF4xkNQsytDmoJVWEJs1ERbZh,0,0
3M9tAMuamLcCpifaCQPSH3Th5F4VwjmyWz,0,0
37ksH1Hyv6JsWd2R8c7Vynvey8Zvo1qZmN,0,0
3QAqPfg26ZpT1NHFHWYi1ZuPYd3r8j44Aq,0,0
33UTXVkbX3w4w47TCZ81Z591CJoBNv7StW,0,0
3KyfMZTy7Zi5Q23UwQ1xMdNZphdbQ3Qh3Y,0,0
39WUiNppNBgNF9JUGmkt2gJQtGbPeyp6bc,0,0
38edz7XRAuA4gvvU86todGu9PoRn8BrWB4,0,0
3BWQhLHVWwm57jdhCTnZzD9XrYa4CYabiL,0,0
39fPanSUkZ15sPqXx5BaBiihcafqzzq6CS,0,0
36nvzDT1CdgLjfo2EhSitRPSvxhA5psY5A,0,0
1D8Ub82dsqwV3fS7BHmWy7PWVHdAfNRWcx,0,0
1Ccb87rHCN2pqBFxafz11MkUWBtHD1jWM8,0,0
193UjvwxxvqbZJopaALERyaCXN4Ep1ZKRb,0,0
3EWff3oToMtv2Ed4n6Hy3a3FZnQKRtoiCh,0,0
34WTeojnHcfh3Z2rXCpNHsiM65y2GC98Qo,0,0
398L99TJEJ5P9JGun3mEpuzkAotmaZhRyV,0,0
3MEs3kd3juiyCUkAVEjQFBkTtzk1Ps1pkC,0,0
3Jvm2D4t3H1TThkBHY5C7pvDMHFEe9YJTH,0,0
143SvQezdaCGK5nx2jZEHKCBKrMZ27CTEy,0,0
3Fpks2Ho8jHudPfrseXpLBbFkCX6RjED5X,0,0
3Aw8zuMbQmkXYZeEHLRLQLV9AHwBoKcaD1,0,0
3NSEweEhnhtXg2bQxgd5DEwact7fMhi1oe,0,0
3HrDFf1Yj95PFeSR58kCthga3p9hcz9Nmw,0,20069
3HrDFf1Yj95PFeSR58kCthga3p9hcz9Nmw,0,20069
35aWyVRkYme3aKeezp6wsJVGeoYsCTH44Z,0,20566
3MqifVVoWvgAq6L8opqHbk9jJw6vmgtN2n,0,32293
3AB6rRJRjMUfWhfkhUWucZu7F7mEHfXquW,0,42930
33EfiNWnNm7Sm2vDptHpZ7YbCLD1terroT,0,43007
3Ccr4ZXecb5JHD1qBcnqQyQwt7hCYxAZJu,0,44050
3ErYy1XxL7VZMBiEJaYqV1FHepZqPMpQxi,0,44373
3PNoZtKdNxnCEzdSQegBMbZiUufrL6RtL1,0,45727
363dkkRqjFKf2fAB42Dy3SZVm6Xwj7YDSx,0,50000
32VkjPPDbdxQuXbzwExhvHEYDXEK66fg5z,0,50000
35dQ7EhTvNQsx6NGaWvmXffNSUCitafN2E,0,50000
3EoECUwmZWDar7ZH1E5zaLiyMzwakgM7Py,0,50000
35ZqkJJ8J3fAKkVS8hH3GeZ6HRmixF2MNV,0,53559
33JCLFVubiAfBpx3cqEcyA8CsrNdhSE6gV,0,53935
3E2ZMmUyP2pFK91qYVtz6tRmqVUeqL8KmD,0,61000
3PyFQL2UNfzBVwCi9GYqn2vYpMeamcoQqv,0,62995
35r1ASUT9zkoH6toVUTGsErKkSzpncYEdD,0,63768
321vG6iUNZ9xEYRKf6VzTjVCn7Whw6pMnJ,0,63775
3Fru1eTkBYKXcsqLfjpNZcAboPKzeRYJTp,0,63940
3Q93jpr9S3KhDgsENDeZicDQWtvGPp7BQ9,0,64000
3GAaVV3EAmTM8qsfck5uV8g7j28SviHiBJ,0,64000
36Vb5jUMWqyxVWkMJQt5kofqnq4GZZctbf,0,64000
383XRiCY4uyzhwJJfxW9SNYQN3nB2knYe7,0,64000
3C34eTqgzgpNsohgrBb7A48PyrE9SCMa1n,0,64000
3KkH4bJP6s4bcgG8WqTRu5ePMK42AFNaD7,0,64000
3Gh1LMp9iSjW9ahoznMgGBb8mjoMaB51Lz,0,65000
3BXqsdz2rRvdxnbNQFo2yL9KhL5tTgu1aW,0,65000
36STZWhv58WMCTJuscD47LvMRxsq5hoMYz,0,65000
3NFT7rRbb2qfYAJfY1BY84B9YwMZ4KJSwb,0,65000
39vQ1Xnab97ECfmNsBRg7wH95jD85XBnjj,0,73000
32JzMfsus26466zDXDJ4LvjoaNqpz93ZWt,0,74000
32b49nRCASHWYHiswfzzUv9jzoTvpkBaJM,0,76000
3FQ8XGqdBEkAHXjGTsz7pyhMkJund6ryqm,0,78000
3EEzXGfLWPUkhfgZtXMW9T5mu9He4GEK8V,0,78000
3NAn1bJ49deFB9MmKw1gfBVr5Vwu5KsVzr,0,80564
169J9MvXSjJZUjarG7JXDD8qiQXZS4jj6A,0,84765
3FcdpAAn1R2F25asEBwgxiseqL5GauG7jD,0,85175
12p1cEthQKc8K2ogUtJWjKfiEmnrcoULAY,0,97745
376gVX4dj2udu719kzPwstUeF9AW3W4Hok,0,98310
3AFSA4evewcyvLRjwQ5Fr8xmWvxpgLsRi7,0,98413
3577P7Kt7ysNjjdqkDin9K4cfBW9KddHQc,0,100000
35zB26ZLf3xm2ef6Dgs4B35kPt7vctgkAG,0,109000
3KkMNaXwdyiMx8dmjQdnczDtwo7aVdfQp5,0,109000
32Bg4EsuNjxVJ9ZP2RWHv66ybZRHQotQS4,0,109970
17RiMroeXvNwQDMf9FEVaFZvWj2uja99Z5,0,112546
1JxCUJmdfsdAgQ9yqPG1jmEnX6G3zRLtcv,0,112779
3Lf2rWX2c1hDWfEnNvNXeukRA2Z1zb2cVo,0,121811
33hiG13GTHTV2G8aZxzBJHBPBpDNevcK2B,0,129598
3QNKPr6NUrWymxjpuoAx49iXgpAD7bgepM,0,144601
3CPbvktjKPiWcYu4PM4oVrQhvSQjCKnR59,0,153998
3PsVm4PDNhrhwnVf8rsL72mH1CcyCP3etD,0,161976
1KMRTrRYZABPnCnpqhzECMhjaF5sKCyeQK,0,166982
32BuvXNXrvBNexrXHv7Wi7UWBadzhPTK1t,0,168000
bc1q546cv2zm9vc6mfy47t6ud98m9h058mvd6e6z8a,0,171000
3351LRF9NrFH5v2CMZWsCv66tv5UAjX5Gn,0,174000
3351LRF9NrFH5v2CMZWsCv66tv5UAjX5Gn,0,174000
33i6BL4HGNL7YSdPWDP9x2swdJinNLs5zu,0,182445
395hQDyiBT16yt8jVVNj7WuZoQ4ouuFJcZ,0,188272
3HKn3KR4FG5LBwPtB48axLRohpNnykyHAb,0,189319
3NBrXnaaMyjhS89hZcqjQmjZXTecxxZ1qt,0,189867
3JGbpCKLyNhWatqZWD2RC6Vs4kzmqtPLPW,0,192142
3KXtQMqQqNRx37a5A5JTSSnZwzqoTvmxJE,0,192474
38ZcBm8BBEpVn4y7CkGL7yyyYPKMSsEvhP,0,192583
36M8QiR4tiT2HyqUocRParhzEf7q8smXBV,0,199402
bc1q2gvh55rwn9evetw5as3l5nrk7fnhkahdmyh9pz,0,200000
3ADhvEbBkcL5MrLFycjqdcWS3CSsWJZyDi,0,202812
bc1qj9nyy5ydym29lwrwnl4r5p2jag99muhjr55rjz,0,205000
34Km92xmMu8FPNJkjAC1LNu6Tab5HL3FmH,0,209150
3LDoWDGjsiEYMNZ9mACd842F7Hiq2qnPko,0,212431
373wfRhEsyeS5Li2AbLSNyekQbnYQko5EW,0,213196
3D7sspRAcaq6JGiMuvPSunjNdHfwdkxeqb,0,214443
33c8CB9B77q8wttnnwEPooPt29JwLNNVWW,0,217489
3LaDs8DLJCSiJDV8RYHGyk4EVjbVRvxC9A,0,218824
3QsBgNCy4UwKkYXPLSucytEY4LyddZSSN9,0,222571
385weBHnfNpr4EhKCaLZTN6zGcczt4Fben,0,222801
39ApJGgEiLAV23rPbcma5Kn2yqFfzWWNnW,0,224900
393FUUZgie8iv8RxLKDuiyXx6TRCV9pmz7,0,226896
3PC7zJHCuTUh8oNyJud9u72J2rGH7SZwaK,0,228197
12xkA61uzFZV9mUyu7FSLStSRt7e5FszKt,0,253024
bc1qah9yltjk556w375sdqqt2d4lltg49vkprgnsw7,0,260000
34mtddL3Htnruze1c4wEoMkcJsWpE2EtEs,0,271780
bc1qn3dv97k9ks7jl9764vy5s30t9vxhvmqg3ka0jv,0,320000
1LsiiBLip3eyMtdvawU5FtYHdAdHbaUkZX,0,338994
19RB32h5YEbz52XuYTGBAi6nH8Y9dSLwDm,0,339774
3FHwdzaSjv2trZZHkLCrXMKypCK4BwEcuy,0,348426
3B7AmkZ8VVhKAAqCp4ZLNVbmGJQoZcaBc9,0,350300
14c18vNEh43AqzkpysfiFkFCQBCiXBQUAi,0,352314
3JDKxEidX2JhmusBDB3BRaCahucEiHcK8n,0,361100
3BqLXuzz3pmHURc9qkwdNmbNE7n72pkjHM,0,362920
3C4MVjmXVu1vjJFfg4phf55L1LAscKa8dr,0,407400
38xS3Sqz6T5yQwNRd9E1NQyEjTnDroUMbT,0,421062
3Fx9okbhcR99VUJWcv5HVcoseS8dqLLgka,0,421572
1QAprZhPZ3QkAFbo59YyxjAuHcLKduFsFn,0,425963
1CTJ9TzkdhBQSzjxf1ZNhGVtuANz4mjrEC,0,432314
15As7FpCKd6qsZa1kKpPNG6ZdomEdwhoqG,0,433981
1Q2gW9D2SfhX2UkrDALz7v4ujXT1FWNWRR,0,490745
bc1qc6fpzh8jkuy7l8nk44yx3dztz36ejwgkq8p5vf,0,526813
3MJmNqGZyW9fR2wJ2VzyoW9p5NLvXK7AJj,0,568720
36UqDj8hGfZTVjpURvSnKtpJnJKjhYcvuY,0,580000
16cb8CaeUieSju6ZohxmKcw3Npx7zRKAe2,0,596253
1Kgn5APNfPCmifErbocfK37XPUR2jj4VJd,0,625482
3Akvdu3aV4xgWzwBepr7vFmqbrwGrUJkBs,0,630000
354uPBPcTArynUszkYhfNNRgsNHQ2qkHgS,0,650000
38MgwutAT95YVhjcCwEqrabYBYVvt6yAjD,0,664824
3BQ3gskUo42vrL9K4ax493hdqoFamr7ibD,0,665000
3HFTKiYZMLiAKttr7ybCtjKH8Vj6MXYVwz,0,667000
33xPKQo8frvWcfLgbvWmGBjKYkaLPTkjFj,0,667000
17p9YoDWHeCX6yuaX1UGVdA1AyXucJZnFa,0,755872
31uAe3zj7p9qXN2xiJP1pRciZysCKNtfTJ,0,760000
3BtNwNTG5Nhv5BwoM4zuydRzWaYmZvqqPd,0,762171
3AKp1ahJS5sdZzSKMHg3gymrnirdPfwenv,0,804766
3MRynF2B2NUdxG3ESbuJ1h5JKG6pLSthQN,0,813089
bc1q8qfesjc2slfwe8xv3l0rxwdexms006swf7gcur,0,813706
bc1q70rw85x8m795nvkee56krg5t6nlwuh6wjl6ycg,0,830088
bc1qa273a36dgnrdqevnx0lftn99t2we306eu7gm2k,0,844223
bc1qmxdamtwnwts779k2jhqea4nd4ucqhnqh8tadmc,0,853949
bc1qtjvs79cm5zghe95hr04e5cl9h2fh7x9chfmc6t,0,871252
bc1qsm35q5gu8awj5cu2r3hrzecvcvs7sn8lxn2pfx,0,875928
bc1qp0ncqsk5hu0d3kwq2erypdqur2yjzypdc40du8,0,886268
bc1qnm79vhfq5ss9qrsfgfgcztd58w3s7hwn24lc9u,0,911133
32ATGtQ5p3KgHwqcK8RfiVhDgjEEVJq4TX,0,912000
1AUzquxwEHhpjf1QPu1bHLE6L1jgHUyxie,0,913882
37CTB2iHPo7dYAH7xmx64BX21PQTrtFE5s,0,922352
bc1qlafd7lsrwrgfnszh5pl7tzsptcnm7jwz9zvh6a,0,951200
32zW4tVTk3SvWVvgFJUx8AYe4wGJQH6SGi,0,1020528
3E6GJ8Cmk7dBQE2maUisJfJNRdxB4ih1sN,0,1027528
bc1q3efl4m2jcr6gk32usxnfyrxh294sr8plmpe3ye,0,1044083
17mc4Qm7ka9jhQEUB5LTxP3gW3tsDYUJGQ,0,1047126
bc1qasgfdqnd4rxfw4m0wdjyqc3008amxvw8q2z6z4,0,1058132
1PE5vpJujzBvvVdQ71AaViopXGpcq7KpeM,0,1058570
3JhRe1sQg22oZNd1QALHANmMHqfJxuUPRV,0,1071955
3AY9ervLFVAe1pdsxX6idmPs4TbdLYF7vY,0,1072847
bc1qqtvk2hth8sjwwd7wfqhg9mav7x7ca9rccnnemf,0,1101706
bc1q9p5yyxsfwr987296yl5zselkczmp90uwzh95zl,0,1107344
bc1qkqztlxw4uwfdn2xsymu3pk3p2pltw4w7helfhk,0,1112395
1ENaU1UEFBfkjvkKfmMqNLumJmQZ3CRkZ6,0,1115520
bc1qdshsymz4u243ku66ysdqunu4d6wamhquxc386g,0,1116869
31yLWs2EeavyqpUNX7EokSSDKrwBR7HYyA,0,1118126
16cb7AUf64daxLmDhXzvhBeRzeuNj34Fc2,0,1118429
14JaX4ZRiXTSbCiTtSWkXd6ddWz9wjGdKz,0,1130507
bc1qa0klunvxhwwhxp0kced63250sczjdzltvr06tu,0,1136153
bc1qr8fw0xj28emurqhu8k7gj4llzgnxf4dejhl04h,0,1146278
39bkC3zGxhxg9UmK6DCQvqAto2VCanhNTM,0,1191781
bc1qdsp0axxxdcm595jq3wfap33ewmunxy33qp03cv,0,1197681
bc1qtn42kyjuz0lc9w9gue72xr9m2a7jgsf3rk2vul,0,1236179
bc1qphgsh952kqwcyvqexjfsmguv28dxlgd56ccnrn,0,1245683
bc1qfrmrz7nx6c62qdf6gqk65yajn2k89hfy9cum44,0,1249868
bc1q4hxu7x9jjlx9wqx8sr6pq2gajr786gffgpw3ey,0,1273546
bc1qam9e2ux49ur53hqxlraxjjtspxv88gk0ncwja9,0,1282168
bc1qfx2mxw2shaek42zdgctzljp498ur8lqvvqzyxz,0,1288798
bc1qfyxsgmc5axdd09xfv0y2j7jl0ztpj735pj8dah,0,1305314
158ugoZoH5NQiwDR6WmC37pFAF1kqCauGC,0,1318800
bc1q59g25qrrqnyvcl2jdmxh9y5c0tvnxzk4c4xrl6,0,1328363
3BMZu4Zjc37bo6fdk67MCvJFt6L4XfZXiF,0,1331474
bc1q93uacqvu2d2hv9zga7srv3jvqwjump26fcj23t,0,1347049
bc1qqefvkkldvz4t732rajkp53j82j073s6m5cku93,0,1347975
bc1qrr9v7txnjxxrqvpajan5ssmcntp5mwdn065jks,0,1366158
1G5wLGHbsMmbRT7CdfmBA4aeR7RNwiG8FY,0,1377380
36dmB68ZpeZZThy9SnCHoMvfqCKgZS1Grf,0,1384500
bc1qdehfl7kjwy0tez8eugjwmgt8m4l6jv5hfgqk3t,0,1392018
bc1qrkusavjestgd6lud0rjpr47x4vs2udpqesjsn8,0,1400000
bc1qp80m6ljlvqd7rvp8nrlfq93el0nvzdhelnkqqj,0,1400000
bc1ql4myqe20sd0dpk5f407045qksj0gdcm278cfp5,0,1400000
bc1qtqtau58ej7gedrgg32u0r3vt5twnkmqkfk63l5,0,1433802
3JMZcEJDPcmsF3W6P4KEqB8nMkz7xoNT9e,0,1440873
3CvVwhowFkgoqEw2cZE5DmMYvsqRgtQVaH,0,1445774
3CvVwhowFkgoqEw2cZE5DmMYvsqRgtQVaH,0,1445774
bc1qa6kcfywen34duq6msagpdv9fffcu4d2ljh5pgq,0,1472137
bc1q8m55q8gvsluzfqxqz9wfgkpcwgl9zxvsqv63ua,0,1480657
bc1q2ca6jfml0fvnke43dm5ade3hzagjyjfmyqw2p8,0,1548664
36cU3QigogwbqYPHCaUjXpPqQCLeZ7x3Gs,0,1571865
bc1qed8hy4c2hz5m2dpyv7sf3q9p97lah4x5q5d28k,0,1574059
bc1q2pnhvfkx0x9cqh8q4z96aa50rqxxcutp65ymx8,0,1589040
bc1qd7f5t5vtadrlz0ms09qw4qqcgypgj7pnpastdd,0,1600000
1CwbkiHug1yw7HGdYxEtXk9nQFUc6GKxzj,0,1600000
bc1qmy0vr0dgwk8m46mxl4pucgay3k0xv03772mn59,0,1609416
bc1qgdnyyhjpsvlkyr7lwyxzpflzptzwwpjhswxdpa,0,1613416
bc1qlhhgzzll4uqvd60teqn92y467kc04mj74jqudv,0,1622377
bc1qst63rewj2vmnnmftuhwg6hvy5rsce2dzlhk44n,0,1624112
354qrB8k66GNFrZrgT4o9BicxGJAv2JhFU,0,1638960
bc1qtqr3n2pa5h43c6pulqvr56c4gz4cw96sywdplf,0,1647992
bc1qmdjxd98fnk83l5k8cpvc77f9rljr7942cq0sfz,0,1669318
1KQ5tkv7NWjG2a67fP6UzTc7egE6HWAXux,0,1683065
bc1qtdyul6azg4lfecpkyaq3gdvpypxgz2ap8cgd5f,0,1700000
bc1qnzg5lf5syvkldfnvxl6umstn6xk2czrstt3sk8,0,1700000
bc1q69k8ll0jmxs4d29wztrdpn4dhyus5uh6pxqrfz,0,1700000
bc1q33uvkjlvyks7d2p3v5fz5xl3j0sazrsdh7qdn5,0,1700000
bc1qa68vp26dapzt09xc2fd99qg9uyt90k7n6h0xmg,0,1702953
3J4JNLkSAm9efzjWtC7tA9bunkt2ozwKNg,0,1705400
bc1q2cjna87ayslzn63aqntt263etzxgdth55fdzjd,0,1709953
bc1qlc0sla88psaxs9wyr0ef6zn30meff9zd72pncz,0,1720949
bc1qteth4dl689n0cuh3n63r6azcagmj4wj2m9yvht,0,1727770
bc1qtnqw53pxxp3j0a7ttuurqzuzxnn66su8svwv6k,0,1734806
bc1qr3w2ntxztyznys7mjmvl6wv5ywpgvj9c7nz0xe,0,1744838
34pUkWS7avd61Zvat4Auw3XDt185kiFs35,0,1763627
34rhHfB3ucs7UY6KfeNrU4EskLZxRP7Sn3,0,1772400
bc1qggg5yarwhqde03f7qnltyyzt7gnqh66xsvrmcf,0,1781815
bc1qedxzh30gvh7l6lrp2nf59zf9efckka2rt2r9z4,0,1785441
bc1q3hefqfvzfdnagwr9dkxphlz2xs6zem5r87hygh,0,1788506
bc1qjez2nzlhntkmqzhnwr7nk784pvfn6srw3fncq6,0,1800000
bc1q2vtrs0tt52knglpc7qv9sydvzvmz8qegxyxaak,0,1800000
3FP2GdkDZ93qfyBQUo6QS8VxH1bnMXz7Rp,0,1818041
12yC8MA7p2VwPs1cazWFcgAi3mYVbvS5YU,0,1850920
1PjHmSedhgKcogGsJxKneQCEMAR7WE2jLw,0,1871400
bc1qj6nnpnnn9a0zquvpd35azeruseqnxfs3jtmwcv,0,1880670
3JxtEwqwpxP9mDcp8AxByLgBvvzXhWmQjk,0,1884774
bc1q0wxas9pmy86gk2ptm3gprxcp5mdx92sed3tjhr,0,1900000
12YQDqmq3t6bCKPKMRWFmqrju4UMXbcqvF,0,1900000
1ErfMe9mV52t24Myk8hhHLPEiQrwUvrkVp,0,1900000
bc1qr5wpxnxvqz7fy5a7a0l2qnklahdl64fqsnc49f,0,1901513
3A8xNfeK2dXdDHi5PtKjZFa48HFixTqdAv,0,1909900
1MePQHgAYUumTF41RMM3htc7dGnz3gv6eh,0,1912300
3KnLUmfFXvGMDyueBrHJoxH4dPD8k6cJFx,0,1929594
1Q6SsW88b94a4P3Rxtfr4pRxvhqqJAWvEc,0,1950828
1DF9qtzbja79o3yBAmgoX5wdsSSpaPD2mE,0,1997033
bc1q3j4rq3k5d7ru85pecqtahcndkgx530e3g54633,0,1998621
bc1qpelsktvc6d8tuuafqzkeuyddgdsck480s8t4th,2000000,2000000
1B8sFxkPtMqR86dkfd3rFT38A5tncCDZD8,0,2000000
1B8sFxkPtMqR86dkfd3rFT38A5tncCDZD8,0,2000000
1KBuDgmq8umdoAkdUQLp9YApeHuuKFeUWF,0,2000000
173h1TRFSkkE8u2vfCeQV4Zu28kga2Qwqf,0,2000000
bc1q3ts2gkcfcx8a007gclltdcc47f9j4sx68cf7zn,0,2005068
3Abc4kZoDruwVZu6jERirKypok1EFmZZKt,0,2038916
bc1qk0nnkkk3sga4pjcvfx77l66etaz67m44ejahwx,0,2070779
bc1q9l9zx5ct4apdweyxfdwq8tdza93gefvl7v766r,0,2092417
1MxtwUpH4cWAz4en4kqVNzAdx5gpk9etUC,0,2100000
37aZB6jdQ1kN5Tg7F97XuMo1NDoQTTDRME,0,2133031
1LCEGFc6Cwe194B6gavMcZ56o2pbftXqWk,0,2137200
3GHLZQZscEhh9TAXcgfuTrNWGrqHfpssHa,0,2147046
3N5bSgwFtEJby5bYWbhSdUXAUSJS6Y5nAF,0,2160807
189zQCa3KTCv5mjvgcbcNY3dWJgGQ2ARBG,0,2185047
3Hfd7Y6eCbDxJgFSVCzL2byHhjSe2hrChL,0,2194847
bc1qstc4wgx4e2aqm4rtch0sxftr4g7gfq3fg8nwe7,0,2200000
bc1qlkvs2jweujlms5jnrsllaxuq6zly4wvmxysty9,0,2200000
bc1qpwcdpjcvn4xll4jewpc8lqcfjr8tn5cj4hl23l,0,2238197
37SuB5xqWYcqhCVEHJ2BUrWDQaT3MgLvEJ,0,2257850
bc1q4cjrllm405ktv2rm0jsh4ja5k8q9r7vmxfdcne,0,2259005
bc1qaljhrp7md4j4ceua7q89q40p6qxwp0fk35ztwr,0,2267573
1G5LWXMN42ueD2eWvm4zMrhXGihghHDgMq,0,2277478
1GibicFgGJ3s2u8WCP1pqa7S3QodLJ6og6,0,2281977
bc1q9klek9z8lwdnfka6f7ltsewm44a7ulcgkunvwg,0,2385202
1H4JUerGtbh74dP2e4N2ogmATd5SR47iXN,0,2389758
13AC5SnjWXFGMDXz1S6mJvV7uTAyyhzCvM,0,2390800
36KU3175zxYzBi6asod3GA9gr3vjW8Uvdb,0,2391428
bc1qdstkdj3m3cdckdmva7x5pk0qxz3ylaplun4kd4,0,2394290
1DS9DVVD4K86ppQhg8ta9XFVEaaW7NXZfA,0,2400000
3C5MYb2bZvQMSGTnDhtvJnt72ByZeFLgtN,0,2455783
15gjb8F5Zd8XRKBCgVxsr8ZuVzr7yBtnCN,0,2500000
1GW8NtoNdResP5dV6pMYDu9gBmQaxZ1Kmb,0,2513901
bc1q5z70v6r4q2ma806the665fcnz9jyzqwfkcy55h,0,2565114
36tM6BkDNyBBw6va4aKUatVK6M19ecqhfC,0,2565114
bc1qktkx0jynsfgmvlnern4zpnk8hy6u9h2zdtgtfz,0,2577001
16CnxXgXQDFVCzP5nU1bW8RXXXVK3U4g6f,0,2643426
3FLXTWPnwdhN1cFmCd2DoyszYDgiCir4Kj,0,2668760
bc1qlms20gsjnmtkv25kp5r3jvglq5c8yzy45s6ejs,0,2704578
1LVMwgkLPLjcXf7WCzzw5uKeKQVY4Wps6d,0,2939412
bc1q6gj8ymnjh863gmuvh2nc3462trrvzlxf2atzxn,0,2950000
17h32zGE7gF1De1kPhDVia2ac7cVCQM3Jr,0,2958903
bc1qkfuf2cd87w2u2frrlgatuhvuwj6clr8zyxlrum,0,2964719
1GXeMVJZhbMRRrvj4HWg7PC2hZV8uhF2Gy,0,3014475
17hp1afHnovGnm6D7TBjAx8dKqGESP1JbU,0,3023658
1316UEQn3rRjpGGoKYppmSb1afjQdqT8Lv,0,3030647
bc1qrqj988a305sgg2t4xcqqqlgqfzt87k5fk7a8f8,0,3054194
19EtWPotqs8Tnkt1oaWBNxZJYGkfN9TVn5,0,3065964
396PgCGZf7FAK5Sxmxa9NhGRZECddT2mMv,0,3107525
bc1qtk37tmu9s6556zg6d97v79hfl9xsz20ppyj4nm,0,3111413
1QFK5dZVGfHziccbf7b9UGp4kqZ2hvjAtQ,0,3112804
1BoirTa1Cms8DERPfL5hQWphyNE6vXLFoM,0,3207227
1HmDUNWeTngYT1EYvu3cyNSx1riFxQz9P1,0,3223916
1Nna7UP5LdzGoiYJrt946mx9z9AXp6Q2rS,0,3234730
1K1fSxkN3j8MCZGdiVwqwwT4mRNLii4NN3,0,3256516
1CRU5PoeYUY7UAhKFqvddaywNLjtyxhQDh,0,3272238
1N83ztMmMiXVtw4V7o6btiLP7CLWVFdi2X,0,3283115
1NVuhgbrVBkdyyyGrZM4DkLFAXqEvCz9kv,0,3416496
1QEZJGYqADzt153QxJKW2LQ8NUfYJJkzQZ,0,3472387
1CgJoMjYQviZmer9nQwjMh7e5wJ3paTZEe,0,3539501
bc1ql83sa7k4mxz3lhj5u57ssvjjct2p9lepq63fhj,0,3541926
bc1qdvmlyvaq46e53r8y6e4cyj4pq8cdf8fukj82x0,0,3583818
1LLRL4vZajTtpjuBh5VpBD8zUg73CHUsq3,0,3623581
12KHi1L1KUNDjSvkG5j56FRNbFrud3ZjUU,0,3659259
1GQ6JVboivqtnVvYn6MfpuAxDsvYQNLaw1,0,3711724
1Q5KzCmiXhtPcmb1ruNC6WX1JXD61mopNA,0,3711935
bc1qwgnjray05ujhvufc2dkedxn6v0sgaz7e05p4mv,0,3732701
38eeDQ9Q4NJiMJszzzwvaiJZaRx4rZMTpJ,0,3751600
bc1q7mp0j2vq2xgt7mzha0kh8rqsp5ev3927hum30h,0,3813950
1d5n71x6Z3G6sQjV1LAKJJSpE8UuhZfwd,0,3819644
bc1qkkfr9lkpjyngrrnu2635c7rzpxe8t994e52cra,0,3870008
12Vv764KkqnUb7RQBcoRhdXJ5PZ7J2bQhJ,0,3929898
3C8pbuUuYxdWdL5hmymir2RvhZvhudfNoN,0,4000300
1DbPsYbD26JyEdAST4u1bB1ZsioVMyfwgP,0,4009739
15mTyb1iR4bu2nghT68s8peqLJ9oe1LvjF,0,4040263
19oPLtkKWP97AFJtJxosLEyTgTBdcvD9gZ,0,4042469
bc1qqduftgg840gg6s2p58dyentj7xrdacwepascr9,0,4071716
3KRB8A9rLbd6uAAX39QpoXsyU56JYzdGKW,0,4086470
1DBMYmRY7jRazj6JiDj78jJbvn7ggeF9Tp,0,4171098
1BjgwkeavzV2shXvhAEvxiBSNRFncwSEWf,0,4192541
bc1qjmunjdwalz8dd45pcyevsp6fjvllyjukykpkay,0,4196458
1DaJHxuDDyesyRxGgYENEwfziTnPQMLiXz,0,4196458
3LL5rfEBh8N3chu5r77mX2oTy2A6Y13p55,0,4224942
1PYLUJrc7yCYYphHBXHQu5YGbCddtqm4qs,0,4233543
16bspUAAN8HbYbTANBd9VmHuDGptqMmgtV,0,4234596
1P7iwzRAnqgSEhrjGbbK9RaeQ5CiNMLHMB,0,4329097
14RHSVVAX9TtCtkU9JdQMsoNYq5sn2Q1vJ,0,4396000
14npSBPNjAikgQv3xjMKxpGgoxF9Gq2Thf,0,4419410
3MADbvgE322UikH4yMf6duW7qFWrFuM1fz,0,4462300
bc1qpan25r82xudyc83uvu8g2f5p38u7h0rz86n25v,0,4476620
38ZRG8gZ3PWxPkZim835RMFUX93K3ZW1e2,0,4538540
37Jyghhgw4awz4vgjrjzi7bNcM3iun98GJ,0,4542574
3D3oZaXGFg941BsBbRXJVWboxgMpUFiJKw,0,4548496
bc1qlnh8wmqf78anpyc7lhxqp8vc8dlg7ywpn9xmck,0,4579121
133SH23GYvDqLojtxVVjWiJtqp7TNNVytD,0,4594303
bc1q860y2r0m3wn3cn54xas4lsjux9z98rwxkwvw4e,0,4604764
bc1qsc8nftu5jmky39dzuh9a854x53uqjc6efaq4x2,0,4611865
bc1qmhjku00mmtym7nt6gpcxj5kk58vfd2jtjzpmws,0,4614320
1KkCngjxNWqaWhVcTU3BVJ5stidG89KikE,0,4647134
1DJTfqBr4TGSTQD1ncfxU41oK48B9L4PqF,0,4647893
34uFGA14ToJ4X6mLFJiEsg3uiHdkADExov,0,4672705
3DuxjRpmcc3SSkHr5sYQW8wCARuqPjJ8tz,0,4696442
3ECVDJP8XaMQb1YhrFYPSgJwjQAaSk1jG8,0,4704446
1E4Y7w2K2Fyf9YwKtKrR93HzyJVqRhusrv,0,4730393
33tbtcdHEPhmXWthDicGuyPz2QUvTLS6Dk,0,4742101
1LPZC6gY3k9AhBhsq3XmyhECRB7jKnPTGE,0,4753213
1NsShSyS6H8yNXfgLyCxUayhbQDN5VpMSv,0,4754805
14fg8ASYDoAxYCLpUVqxy7gZZAhwNYLhuw,0,4761074
1EdK5RkgWZ6UNL89SKCFox5BjbkfHimrCZ,0,4761905
1BSNmodCWfrx2HP4uraApCmiGt7BddL4Ji,0,4800000
15b5rZnwerwdNiRjzQFQykWZiGwJGSsY16,0,4856842
39by6dACdf6ZwDUA7RiWsWG5tzPsDPZAcq,0,4858858
38kTS4ozEfFtqAZPsDvR8EASNTELvWCQPn,0,4863142
3GxoyuvEc7Erc17K4xxjeiayTvvvwQhS7g,0,4894992
3MU4Yf4bk9W4KRAUD9TEw1ymswV6CEfiza,0,4966737
3LiziCu5sibWZ6krt1AbucwFMD9oe8FHQD,0,4972599
14cpr38DhSinr1pEiup4YxpGFG9Rc7Gbbw,0,5006907
357zP9BK283XnnGGGHgHRFVQ6JwJnujJTu,0,5007012
1DrJiGeEnMxTuv45Qz99J3wKWYxmar3PRc,0,5220219
1DXxsmri9odYYox7KYUxEiRba93cMoysBj,0,5230783
1KzmjUTnct2SH7qkae1DHkUdpXnNndH3wr,0,5254852
bc1qyqzfypg6whncj6wdveqzvvtkcajuz95r8sv5kq,0,5260165
12ccnkcqwzAXp58YePMVTMT3uiFpLj9DTt,0,5307172
1BdcVWWmoXMMSg452R2QHMCUiHxvE9oGYq,0,5316924
17bF63cVHVwbSEQisBg6q5GzHzCn6acdQ,0,5367433
1P7wxQJVEonSHQr4XJud8E84YZnyLHZ2vf,0,5398378
1GarXGcD6t8LG3E6w2ZqPXgEAeS6Fg3xFW,0,5430035
126YvfHsVptAxBbEpVqFNhon85isfMAxde,0,5686750
3C2zARM6gP2MGbdVVMfYLeYxbJ9JkFuKAs,0,5786075
38bk2V37ZJvHfh9i4gzGC3S9uFeYhZwRHz,0,5889093
bc1qr9hvtdrf23tqcdqd7p98cpa7ys7wum4x77xvln,0,5892655
347MCmvfhcFiYgVUoMcCgHyu9Lv93VLTgc,0,5930154
158E7kktJVjg95dbFbuuF2nfTnCq1KjuYW,0,6016131
1PX6fPLG5behRjxywUSVjUF6N6dwuMwNa7,0,6036958
18VHRQFAi6TvDwyvSrzJ4BKBj3ptc8v8pb,0,6066756
3LSLcqt33xgV1R7fpZhA7Lpe4ARDWD39vU,0,6226653
1NqxPMSjDxEfJ2ozbFnGEoumDpL4Z8frKh,0,6302100
3DcrBz6zEatPr4Cg9FePLi1axqzErk1aYb,0,6310501
1G9ibVEXAbTZQGBzwPY92DujkCwecjCB8s,0,6392128
3JtdsN1pktYYtVNF8Rd1fMtTE2VKN8HZUi,0,6476600
3QuTkJhMqPuDadSRSpdfggZWLT2XvpeKjW,0,6535191
3KFU6tmagnHsM4HtBnLdV2BuYHmzeHJkh4,0,6560645
bc1qc8nxs5uxh3vx4xpuxlkhkfysllg5tw9nr00spj,0,6563165
39kAtmpMgxK5F46KATkcqEqNWTVab46Ndd,0,6665884
bc1qc2gtz9eadvr9mf2xcptyatajakx93schz35aq7,0,6749187
3HqUAxCJ3yv2WNQE3MQSjRKGLAQqGRA4rq,0,6904358
15KaTQzS1hLEKGHyq3LHwt7Bt6mZdEZwDf,0,6972720
1AcAQMpuc53zgZgJrNwPkBYwMFsCygWkiu,0,7017544
bc1qc5sn0myjvc8lj7n5xs3qdq6k9t07xn6vtew2ze,0,7047604
3AXVZRnjqXbrfqQwJx6e4AUyzzG5CchrEx,0,7055054
32C1kAf5EKy8tJHzsfqfwUKFZc8dyzfzoa,0,7241671
3L4R1mmGfFjC8Ym7zh6TER63QLzqSdDELC,0,7244354
35efJpxfeV3cm3wbJNfSkaubLDrJArfXM8,0,7285300
19SZvbUxo21MzPAwYC6My5LRhHNVPPfVKp,0,7294278
1NVHhVjcPEWdUNpUjb3RaBWPw2WdvZ7JEk,0,7295353
bc1qwdvezde03twlxssf6amv0d2gysw0r0yg5f6a3q,0,7430621
3Jp36kEyVztHKfLL8ZwzRVCkurvfiKG4Na,0,7559824
bc1q0qpwpcycm2su83qfqpx3742yaqzy9lc0g2t26y,0,7568790
bc1q0q5gsymkvp7vfpuexz0eq5csufxs60npza3ct5,0,7644822
36o4PsUnv7oZSBQPzb8Lvdt7g2heMHppUf,0,7702311
1MjX9obVcDq5c3BPwTgR2s2EfdFGkBo47t,0,7734299
3L8QboSkCn24UtEeqMpgbciewHvkF9swq5,0,7776864
3MvuPBgSbXv7Yo5M8eqaSAE7PR9D4Mqv5A,0,7783002
364MJKqtDbNnh5DwCHKuB6FJ6a3mWeeZzf,0,7789122
381NAC7C5h64gi5EUGiRGWdmLtXe3v831u,0,7795111
3C52XpqdAVn6ZweoM8Ab49snNhDLgptxTS,0,7797275
1BwwR5Fk3rSQ56mp74RURfreHpjTAUxrUj,0,7900000
3ACKLYjDsvVzX1rLzdFe3Z7JAfS4nVf1sp,0,7911318
19EYKePWvc8G6QSPoN9qiCCQsidVR4Gcmb,0,7925662
3EDKeb4Ab3z31TC3RoUEcRxBmo4nbhswyc,0,7943387
34gcLutc83MPTvHzQqBaA9iWQAjCVHDUP8,0,7957468
3LFVjK9b7Hr7wUZApabZmFkjoKESg5wanZ,0,7964510
3QFeP4HVkiypxRsR8GXtcx4WXuCeM2iqVc,0,7964825
1Buwog8masbVCn1mFCnV9NQACPtPSxkEgX,0,7979481
3AqLcceApihPbxDraaQX34pxM2HRtBGbv4,0,7985000
bc1q0y00g7324wk4c59he5dwxd44p3neq468k828c0,0,8033298
196v3pzZSaqLCsG93UHH1eQmw6c29mCA4d,0,8100000
17JZbuhbxygtiHQvfw5dAYurSqeua5af7w,0,8176264
3DEM6M2mGa82bsFzwZfx9xog4wsGkEF1k5,0,8180057
bc1qe6hrlm5ys0y72ph2tpe0dh9u5hl4deaxfvk0ej,0,8240964
bc1q88awj7xtxcv7sdv7xp6e0ah947kj5zcdx86ynh,0,8260821
bc1q9h0l5544jxpm8dg6am0gkz239cce2w24ml5atn,0,8272900
1JDj5TuJVAk5FBUHUjXiR6b46o43SuMKg2,0,8310667
187NXfNLMEUNTNSdmDMvc6std2yNWN8Ump,0,8378317
35mqXfMwyNCGFPSzRTmcYCpWiZ73x6H5kG,0,8398289
3JNZCbgUL7f5uvdu5CUdF1a7xFCE5SCdYA,0,8401039
3E3TdeayniG9SonKEKgEyEAaF57SC5GJVX,0,8410352
3Qh1co2goM1CZ533VtvP3SwqJtrgxTK3ue,0,8413465
1Bd8F241rmFGd7gzCeU6UXoo5KNfXhx9Wb,0,8441446
3JHzg3ggxQVZZegcEQeqhXacbRj9ouVd3p,0,8443371
38P7Qtz1hkyJmxYh4XR7gtntz38gaUcAmb,0,8444025
bc1q7u245c4shnsvkd2ulv4dn5spxyt8v3r6w9xfr0,0,8444145
bc1q0sgs7ee2k2qlnsgnrdwfpdcmw97dtl7ngcct4j,0,8486977
1GWDLgzNPdRRxjJcACktanvPoX1nLVwKj1,0,8509749
18UAaEdnyJjPMR34CRS5S7pjCH7xqkpT5Q,0,8514120
33PfxKrgx1894QVVKmo1h8bXR2cjaPe8mq,0,8529089
1MAvHymj3kxxyq9HXZjxcfS5NPAVSjDq44,0,8543639
3JM65WqvYq6QnbRqftohguDgqamLZeVzUE,0,8557092
1C2cBU7ATosgKihTmTRK47E5Er6bcxknhm,0,8590441
bc1qa8z295znqpzvtxqamz0269642nvm8r00kdhcrw,0,8606100
bc1qa2t2qweze4y545y3j5xlaqdwwjetsq082t0gqh,0,8644623
bc1q2l4ula747cvzmfvulkglcf9t9srx0t8tjzk0cj,0,8705100
bc1qlfnunqu7w37dq529efs5r4fyxgl34evs3qp9cl,0,8719600
1EvRYmtVQomEaXCo87Fb9Cye2pvA7oucE2,0,8800000
3Qeb5q2KTDRiiT6BGnR3BjCz86u427dJRV,0,8839781
1GXrHar42EHxHNXM2nFkXQ5gpTMxdR5q5j,0,8912799
38D6BLawippb6JLRKD6DYwGKHWNueundL7,0,8942891
18G8Swgw8Z2xCJ1S5B26qkwAgWNpHQ5ZqU,0,8967595
3Qe2vdFzL1oUFXZGUUY6AkWeHEdSxA8MS4,0,9009089
349TxZZyaJpUnrBYmxs8YLTkYyv7y1Zdr5,0,9084920
3P2F2dm3bUw5TmiiYinnggknhpwKXwvWUg,0,9131161
3PC5nk1LkLWj78WguBz4GTb6MXQ1FXKBSD,0,9157137
bc1qp8kjvuqpy5u5rzrfc5jalqczvulknxek6zfdyw,0,9229268
bc1qzmzg9me6t7dcl7l3msc5q8gjrqljr6qgsx5m0j,0,9232700
bc1qpaz0c4d7m0xx7xfflyf4cuk2xsuxev5vtlmvhs,0,9264628
bc1qersparw7rl5923g66nj3tdu5cxrlfy9hmyxvkl,0,9328700
bc1q9rxj85uqsrk8jfygeq2unradh2yey8lcwlf6rs,0,9356200
bc1qxxxfrzafm9npa2lspv6zm6eqw488s9jpuyuaz5,0,9465700
172KVKhMqL5CU1HN884RbArzu5DDL5hwE3,0,9709640
bc1qaq3pr34lkgvpraa65aryfd78e854784jv65p44,0,9845900
17g3e3fooEHD3G3UyBmTcXEkRdD6C8rsdJ,0,9870410
3K63stWT4KU1nmtbPozfrtxCcwfVDaAqyG,0,10355538
bc1qdxrwlru9hr0frts6sxjkeeevc9za5k32r3zsgx,0,10464181
15QULY9y2HJj1i85LiJGMYWChhAqnGkCSx,0,10509879
362U9hC1ro3rCXD6Jxd7A5ySPS2AsgosUP,0,10555696
1KpGmCD9tY16qbrQtGNxsfZ2iBuWRPCMGX,0,10582097
3MwHyMvY6Hs5mETfyv4bLbHZnaphZDngPa,0,10608900
3Meg4kV2Pf8WinxoVKPLz6RZCjJSoxUomZ,0,10616538
3Q75nJ7MhA4GSo4gZYcJy1pszzJjS8XCEz,0,10619338
3Gk7nrYee9XGcdCL43WkpF3yptbuNPufrP,0,10624241
37TbY4gmR2y8zC614ZYyTrNJUzqNA1749B,0,10635781
bc1qxck5txemp0grlt2a7mqthpqp7c58j0dqgj9hmr,0,10637022
36jzkEYD82jxT5jqjDwkZdeYvfSSD4CGep,0,10655070
34QzUYKDBGXTmejcq79gDr85UMQ7inXMRQ,0,10681125
39iNVhc9C4nKnUTdJmM25Wn6pswYiaimfi,0,10683464
14HnaQfsQdtgVSNR91jLcbcKtdyddDfP6D,0,10702384
1HtyXyCrshiJmLYNru7atpDMJrzG9mzwzf,0,10736133
1MuaBkSVAw9BgMRq73cgCUaMHNPuGcgCEZ,0,10741839
1HscaV3e3BKDtWhYtPPDYJwpzhDeqajmYg,0,10758033
17DLNpwfWuQkYQbuTi7JkdUTGboBXsoP5c,0,10802039
1AV7edY4ah9Q8PjGrMXjSnnpUBHBokkE6t,0,10858831
bc1q6ecdjpmesnh7dtfx8z29ewxvssacrlflep9sup,0,10970876
3ELM1G61N68phao6NMTH7eA7xcJhnHLeBy,0,11078776
bc1qgqwavrqna87kqvr9tn8lk0w4uhudhp0avd5g3f,0,11940000
bc1q7cd8rxvwuqgeh2ya9vk2ekr9qutthyklzkamf8,0,12597194
3ENydBfSaJ1uMbpncuSqfv182AHwALvVgS,0,12676133
3HnkFbgMSxw8s1A61pqadyfz2dkdZ5vgRW,0,13126550
34eJt4a1sbrN3HpEnhDAhfG27ZH4Q1ViLA,0,13733439
3Gmgf2ZLs7ynB6dij8d6dVtP32HhbHZxyQ,0,14391643
bc1qqkc9220l6dqh8jlslfsc4xf6wxgkga5uv02vm5,0,14444486
34NCToBuWPFTJeXSdLeSUBKmFGbm5ujs7f,0,14665412
bc1qf2lmqzwkvh6r82j7p4nx4negk3m59drj0wg6w0,0,14730569
1347fBtFzZCrPq29yjRpct5f6Kq5uHZHHy,0,15300000
bc1qtnqkq7squx2kv5lm2v54czt73nvml3vj7ns4su,0,16181089
1GoAiu7jLbjNoVBvKX8Dba45G4J3BFL3tM,0,16349096
1KfDPgc6CiWb6Fnin1bLWi2moX1ViXANxW,0,16656829
3C42eJjFfEdhBXaNjSYRxiyVc7hs36GCCY,0,16789332
1APiU5VRXpdjKuMPXFE9wkN1Kh1zdLhsMv,0,16855661
bc1qclzlkq8j3ckmulye0k5xpzfymsxxha735mlauf,0,17415543
17Yq9fkbPSyCRbsn8UDywQXWG3jADf1RkQ,0,17433277
1BYjQdM56naVj1YkzGVK6dJ9Zp3auVsWkb,0,17545175
1DzKA4B5WQEJtbE1UuegT1bQwkwszeqZB8,0,18036669
3N7VE59qFYAuReR1zr2rcueXaaUbzFKHud,0,18419898
1MME58icHNtCHMPrpN6fnnVR3wkL5ciQSS,0,18787630
14XERmJvwuP6ZZkhKjWHfzas8CXLy8kj9w,0,19676079
1A5ypTVDUH8vJdNCs7opGT9PjG62PZyXbn,0,20198138
3GGMczzSPTbixa9wCV9N5pP6iMZ1jq8dTZ,0,21006695
34LyHG8jtKCDZtZDqjqmvFqCnBYUAyUGAa,0,21241097
37D8BAoeZfYjopZtociNyxBsdXxYxboaS8,0,21393542
1CsRGRxgPHSHzCTVvoETsTSbu8VYgdBtGB,0,21593716
1JyswDvDK7eptxno6mkuwT7S5Ks646UwcM,0,21640338
1BNPQ1QU8EUcZ7FdLHG72W3h5CnPYTKgVj,0,21771360
1M8i4162T1nhQkECEha3vDQPSC5eCqbKUr,0,21789170
bc1qlwef5kpsu6awedge9k3qsmthfwfq0d43kphdct,0,22039212
1Baxsh3pokdWftPSc8BYmKzLaVxSZUubQi,0,22490000
3LT3dLzsGNkAiJaowWPtLF19u4Mp9Zj1Dy,0,22573946
3B16DjzdvfGngYjNpoY7N5j9zdkaFzeuZk,0,23551591
3HZXWcbx1pFzZgfX8Tm38SMRFGrutK9ArG,0,23894770
3QqAx1R3pju72ox6gJkxNA2hEutdaeyzCt,0,24811949
3Ksf6hLck5yM8p1CDMHScfoV7C6KsnmkiG,0,25011035
3MVCJaskjJJT3LyEHDZPtfR4Pz8GQ3qXq1,0,25491444
3EtB1y9kMktBojSE95JTbWL6hVSnj3vR6s,0,26111066
3Me6msQadTaB7w2tyKTUapkH2katiE7Hts,0,26111066
3N7efz6ovr8tXP6M8bzQiaDJseTmKu9TGU,0,26787097
bc1qc39qwc3nl2eyh2cu4ct6tyh9zqzp9ye993c0y2,0,26980093
3LX8UL94jJc5BFQ6c5RSyFzkVKPCmcui4X,0,27092442
3NoAMx1SHdc6TmEqxA4Uf3u1SPTLXm5Wn4,0,27102829
38dgfzw2WUT5zTnXGJchsz2JUV5L9kbE6L,0,27908465
3HtmWv3KuTX5FRxNwDaVXCMxzSY7Pop2Vi,0,28521969
1AgJco5z2S9qTCp7XFFcATfRnJsMgbJMfL,0,28625157
bc1qqp7nt7m7m9fju2uflds93u9n5du78q3mhx6qss,0,30000000
3ArhZ9GuG9APYRJpKBR6YS8YfS7zfcbjtC,0,30129844
36SudmmHFYZvvoeMEVBJ8Am25ur9HkUNfB,0,31000168
12bsh5bc7wkVSRv25Qw6x3JYzuQDpZZ4zi,0,31250500
3HVdGfBobqwYH4SmMtVRcKXeSwdQjF3Khv,0,31419070
18wfejAcLnefJqV7D8Wo7e6iX2faBy8WDd,0,32473618
3MEYuZnFi2WWpeYJ3DY9jDMUAthGa3XfYR,0,33670068
3NAJwjsd4nKSHLLbaJKZahyrThdN8RBWdU,0,33812746
17LhzVehReBhCV2p7ZhRR2A5ZDvTnEWANB,0,35000000
1JpwQMa33tggoYpEEoQJsxcLudypBDjK4L,0,35827752
1PemRXvQ5nbDs6q19pCUzfd4kXVGovVoe3,0,36741875
1PemRXvQ5nbDs6q19pCUzfd4kXVGovVoe3,0,36741875
15FYsN3VXGhHL3fw86P5asPnQmGhNbTpez,0,37953830
19LjcGkg4MaCLbaofQkLtBFEvdaF6JWBJr,0,38563223
bc1qsnhfuxzprt9tdrwcp8uk0x504ye7uecf6a4aee,0,43030354
3GiJFkN368AgbEDsJKy8MUTKQcWCSXZeHn,0,43500000
1DSp4woswZECAL9zdmmGeu1s7k1sGExFDh,0,45297689
35NDVh7SgTjWXRZh3VAU3eFLdjLDA99d8k,0,46438191
38HefKqoBWYTKQsN5BEsKxKqsBsPc1Ts3o,0,46760387
1DBQbASkSKvXbh7uFK8y4zNuUAQVGJ1JAq,0,50000000
1Pq1BXqg32M5GJxifjkVFGF5iQbHDPHYde,0,58254775
1hLvH27BxAPbqx3R2fMCuuMPfS2gGDBJL,60002829,60002829
1AaG2mEUArhH76SHZV3UjfkafEbX3PjnXT,0,64123293
3HrMV8xRQz3oh9kEqCU46bBVas7E65eLsz,0,67719586
bc1qgd5ke95svytzhfkvjp2zhnlhhv42w0wqm0uhpx,0,73310000
bc1qlrzkzc6nkpn9kj9krzen2rq8yfc3hc4yhcrz3h,0,74742683
bc1qy2083z665ux68zda3tfuh5xed2493uaj8whdwv,0,76846931
1HvwVb52vCnU8gUczvPR42qWU3n7rFsjr9,0,80900893
bc1q47tlstrwpqf8uhwwzp30483upe6havrfqv0ecj,0,81100000
1A2q2yTi7VJ1phngdnVyZDjbiCxr1JgTXx,0,84571649
3HcQzvE9s5VmV87W3TGYAGThPLV78FurzL,0,88000000
1J1Qqf4Tps7dkT11ALDKvxqmPxGC2dYAFm,0,88773812
bc1qh83mkj8um9y7n5tqkfuyglyw9xnf55wdvn8j9q,0,92579550
bc1q4qvnjchr3y9wpm78qlnr6659qrtnnt5pfgn6p5,0,99591674
1FWWRT88WjYbZp4NoRNEBgTGjRxhi2J9YM,0,99845340
bc1qrjdl409wyucrwnmveq50m63dvyy7d5ws6m50gg,0,100000000
16evvEiZ6HKkV9WAbysJfJG1Qa7DzJGUFp,0,100000000
bc1q90css7emmtvs7l5ah5tcnvtx4kun6xxxc28vt4,0,100000000
13YyGHPWZAn38EDNfhnoZN1G3h61KmPqq7,0,100000000
1paXUSa9exGr4LRZxFaYmmUPcz7QH5Cjo,0,100000000
bc1qnf6drcfl786d70wlhfytyr5xg3qqgknlsh8dc3,0,103945389
16CyhSWJu4MDkk24A8LmkZoExC3KA744N2,0,106347836
3CKDfZNUn8fKLJcrsoEzK7ZeJQBXnJPZfg,547,115299157
bc1qg285up24wyrfd9dwrnucwnpj247g70wxz48kg9,0,115857306
15XzZs5r6sMnk9rhj38E3pg7Y6Xy9ykqHV,0,121080009
bc1qmwvprxqaq4rakwg7dhsvk046ln8e9kjx8zha49,0,125000000
bc1qz3ragrtw38yuu6n5k8dqfjnp8pdsmtcfelx7xe,0,130000000
bc1qfamjhlyec63dz3gvcum7s9guu3cp5n8v3hz7ud,0,132000000
1K9vUidjVFM1NNKva2ogvNaU4hVUh6zMtW,0,135000000
3QdNiLEpxKWQ6SoxULAo4xc48d5otumivR,0,135126919
bc1qq6mq20rx2h7u77hp5azyqn9qrr2009quqvdld3,74664500,149324500
bc1q88aftlas7seunzddmj0dk4kpjp567p7r3att6m,9029268,163077350
bc1q3stptj0pv6swqcyu6m5n74jamzmadsukn5ce7t,0,164108466
1K4NVpT26qwtLp2yReFkgecPkqqQHVrVJd,0,166800000
3DErzUUfnDeKdZvUPDESLwZJUQF9Rrozcp,0,175482172
1GthzERE63extEck6r8G9ZtQ6JoQ5AvUr1,0,180000000
16V75dAXysYmz8dQXJeZMdJrK5NQ8XPLVy,0,180322555
bc1qptn5qsllcxmrndmwucelazjt0z68zkrgrlumy0,0,181029779
19fDN5tQkpLkMyA3RR9bCj5vH2rpsNoCnW,0,181770739
36PZ3mg652bnDQUmYWE7gF5gF9h6Amg4iE,0,192000000
3ESoHHu87mTrFNSNUaMVEfT3vYwRYGfSHQ,0,198333578
bc1q0v6539urjxsvu5s5chph94hegjkpnckfdna4f5,0,200000000
bc1qj320zssr8lp62ruuwfp0nj56007a36n0wa63ml,0,230157719
bc1q5aqs5hrlt3wj5xrnj0craykgsq6h8mse3cftf8,0,231436446
1KeJsqaD1Son429VgEkeEEobAxSMmLnENy,0,249789461
bc1qkmyv5860pe24h9ytadkzgqltkjuuk9z9s027df,0,271495582
3HMgskrRPa5ZVwtU7C9Qt7WYYym1yQzdww,0,298506791
3GoJDv1s9PGZ7tnrU7Jd4yQwxjUgTjZMnY,0,328190946
1C26JJyqt6v7ZnXA8rYQ2mw8yEtJWHQ1rD,0,328993106
bc1qh7k79thm9lxwtrgxlxgdqun9lsvycp5gv0yucs,0,340399576
122e9wJ4G49bH7Y4SBiJN5fNWJVSh12hn5,0,376123699
32yXxyDJfGnmpDWeVTMjZc4oKz6qBa17rn,0,391457154
3NqA2rRDNk2xzSKLThG9pe8ywZvZzLBRPZ,0,408586309
32qPGiaTs4mKufRybRCEHxbgXYUkA2fVWn,0,477358288
377zqbhsYdX9TCGNxPxaJg3n2kRaNo8Px3,0,487009800
33hRnfkY5vh7GXjVKLKWwyhf1hRG6cj5qj,0,527297931
3K55DkpJ6eJDNEn15dFB3h5k1nvckhU71C,0,592577793
3N4oho2uXfkFBfUAPtoPGLUXjHXqXV4vrJ,0,604992489
3KsjQKZBjJ1LMCQtwe7hepT8jz1eLmfZbQ,0,629562070
bc1qmn7kwk399254epl20uu5csrztpp7umah4ncxwn,0,640000000
bc1qt3swuyl07tx326twh2qrvkzr5fs0tlx30rkjhz,0,661700000
3Jc3mTyYuRpP7hynPaStpDBPNNd8FYydzS,0,671369985
18YcA5BnLq4pWR4XmHwWUF5od9bfA5GBx2,0,698044881
1JXkfXrcqN6kUtBoKT57Um827Wrr9b8Aw8,0,701900000
bc1qlte8rmjn3mkjge9e6xg2le32rh5fu77uscfezp,0,775000000
bc1qcddr0zhnxvlfkqvvd0zf26zdae3wd64tel7l8s,0,779888566
3CF84ihHghMTW2BRAB7taQ7HMEXAuNmWBJ,0,919113967
35Z4UipuER5ZGprGUugcoxPWwZ43RXchPX,3678746,963187767
bc1qgc6zq6z28k3svm5rjhzs0ljvzhjpr9fveaj3ue,0,971913136
3KS9hmKHkvKzmqJEY6KLaJ3shhQ3YP6yYU,0,1069847264
bc1q4zj94s9p3cttk8lalkp94ccupr2wgz6tu0rfec,0,1157000000
bc1qwylaqmq04llfggxe9x7syxzm4kwrslr4yrffxa,0,1480000000
33cmajNiHUxgUYY7EWS16P3BUnvFMf8MbG,0,1500000000
1LYiEgq9k3xSAddbqMZcsVTayJVoKbTFub,0,1953819884
1KkwkfQCB5VuwF8PnDHhw38EVGdCHK5fMk,0,2000343245
13FtNsxTFADd6AcnQBxhWuNt9Aw4q5y1b2,0,2175834451
bc1qe9je7694shnd9qr62vwgce9rcg0kpl0ja9pe9v,0,2279600000
112qJRWfQCAqKzSk3ZcQnq1A1YwqyfLbgp,0,2413760367
bc1qhcfpza3zfd28g03ew485qrrsvy9jae5xvr9ydz,0,2788597288
3PhMXuhqrHfye1sLENdXkzZ1mFFygq6a1o,0,2977265866
16KSCzUehNJRuuJnNjuz8xuUNEHmVHo3py,5562976,3065796004
bc1qht0lzvwddxgg5m3rlyymgptpfqa7calht68mq7,0,3500000547
1NkKgMkX3vud7uo999d8GuExkkwpNwZDYa,0,3560000000
bc1qa225n5kp0e73n4hthea3fqv4rgvwuzx65wldxv,0,3750000000
19UNe82ipWkoqfBx35Km1HpJPp29s6qKno,0,4196667162
153A88YKKZtQTABAcBvvWVq1JDJLYCsgpQ,2250001094,5352708882
bc1qfht3lj9hda30pv4mqqkklxjylmm9jma0k4ssag,0,8140000000
17CXNT62tqJLXbFVSgDx5CDyaneLheM6Ym,0,10300385215
3AzWagPyw6fK8zhXhnyiHo57AN4Xqnt7rw,0,10500000000
1AXiwETqqQoA52Jk5CmJkbAPuW8nR7VUYz,790000000,11104859631
31inPQPChryvSPEnaXrBc6kmYH4NAqYnTR,0,12415510236
1G9Zwp2cBdrM8o3wpactcqrw6NC3xGEm1o,0,12500000000
3BcVNB1MVByP8eiEv9QRwCGyUhERmxHzdX,0,20000000000
3A99TqWrJ1cVDWKnTyqjAGXMcUFa3Rt2TZ,0,21526621418
1EZY2exVq9LvbwBaXWPoR7bYhfNRBXC3m5,0,57530616613
